DATE,BAMLCC0A0CMTRIV
7/20/2018,2833.71
7/23/2018,2823.01
7/24/2018,2830.86
7/25/2018,2835.04
7/26/2018,2831.74
7/27/2018,2836.38
7/30/2018,2835.12
7/31/2018,2839.77
8/1/2018,2833.24
8/2/2018,2836.08
8/3/2018,2843.21
8/6/2018,2847.61
8/7/2018,2842.35
8/8/2018,2840.97
8/9/2018,2844.67
8/10/2018,2853.46
8/13/2018,2847.67
8/14/2018,2846.02
8/15/2018,2852.75
8/16/2018,2852.06
8/17/2018,2852.81
8/20/2018,2862.66
8/21/2018,2859.52
8/22/2018,2861.35
8/23/2018,2861.81
8/24/2018,2860.83
8/27/2018,2858.2
8/28/2018,2852.7
8/29/2018,2853.61
8/30/2018,2855.94
8/31/2018,2855.22
9/3/2018,2856.16
9/4/2018,2845.29
9/5/2018,2845.5
9/6/2018,2851.2
9/7/2018,2841.06
9/10/2018,2844.24
9/11/2018,2838.93
9/12/2018,2843.52
9/13/2018,2846.07
9/14/2018,2842.83
9/17/2018,2843.64
9/18/2018,2835.36
9/19/2018,2829.96
9/20/2018,2835.82
9/21/2018,2838.39
9/24/2018,2837.17
9/25/2018,2834.56
9/26/2018,2842.07
9/27/2018,2844.47
9/28/2018,2845.3
9/30/2018,2845.93
10/1/2018,2841.2
10/2/2018,2846.85
10/3/2018,2830.88
10/4/2018,2822.84
10/5/2018,2814.96
10/8/2018,2815.92
10/9/2018,2820.45
10/10/2018,2817.39
10/11/2018,2827.12
10/12/2018,2825.92
10/15/2018,2823.23
10/16/2018,2824.88
10/17/2018,2820.02
10/18/2018,2819.26
10/19/2018,2813.91
10/22/2018,2814.04
10/23/2018,2814.09
10/24/2018,2822.38
10/25/2018,2816.47
10/26/2018,2822.34
10/29/2018,2821.76
10/30/2018,2813.86
10/31/2018,2807.48
11/1/2018,2808.7
11/2/2018,2798.8
11/5/2018,2803.04
11/6/2018,2804.96
11/7/2018,2808.11
11/8/2018,2806.27
11/9/2018,2811.39
11/12/2018,2812.35
11/13/2018,2812.81
11/14/2018,2810.29
11/15/2018,2802.84
11/16/2018,2808.63
11/19/2018,2808.61
11/20/2018,2804.83
11/21/2018,2804.9
11/22/2018,2805.22
11/23/2018,2806.26
11/26/2018,2805.62
11/27/2018,2803.71
11/28/2018,2802.8
11/29/2018,2801.84
11/30/2018,2802.12
12/3/2018,2810.39
12/4/2018,2819.57
12/5/2018,2819.89
12/6/2018,2820.17
12/7/2018,2823.24
12/10/2018,2822.54
12/11/2018,2822.36
12/12/2018,2823.33
12/13/2018,2825.48
12/14/2018,2829.25
12/17/2018,2836.37
12/18/2018,2841.89
12/19/2018,2850.51
12/20/2018,2842
12/21/2018,2837.81
12/24/2018,2843.55
12/25/2018,.
12/26/2018,2834.39
12/27/2018,2839.53
12/28/2018,2837.54
12/31/2018,2844.18
1/1/2019,.
1/2/2019,2849.22
1/3/2019,2863.31
1/4/2019,2847.57
1/7/2019,2849.03
1/8/2019,2848.17
1/9/2019,2851.02
1/10/2019,2849.53
1/11/2019,2855.49
1/14/2019,2852.56
1/15/2019,2852.72
1/16/2019,2853.89
1/17/2019,2855.09
1/18/2019,2856.56
1/21/2019,2857.53
1/22/2019,2868.35
1/23/2019,2868.54
1/24/2019,2878.31
1/25/2019,2875.78
1/28/2019,2878.72
1/29/2019,2884.96
1/30/2019,2888.22
1/31/2019,2903.72
2/1/2019,2900.19
2/4/2019,2898.78
2/5/2019,2907.14
2/6/2019,2907.81
2/7/2019,2912.81
2/8/2019,2916.36
2/11/2019,2913.1
2/12/2019,2910.37
2/13/2019,2908.45
2/14/2019,2913.99
2/15/2019,2915.42
2/18/2019,2916.39
2/19/2019,2919.3
2/20/2019,2917.6
2/21/2019,2910.02
2/22/2019,2917.04
2/25/2019,2917.47
2/26/2019,2923.54
2/27/2019,2914.23
2/28/2019,2914.16
3/1/2019,2909.41
3/4/2019,2916.88
3/5/2019,2917.28
3/6/2019,2921.17
3/7/2019,2929.86
3/8/2019,2930.66
3/11/2019,2929.15
3/12/2019,2938.49
3/13/2019,2936.99
3/14/2019,2933.23
3/15/2019,2940.49
3/18/2019,2942.38
3/19/2019,2941.13
3/20/2019,2952.6
3/21/2019,2956.05
3/22/2019,2972.67
3/25/2019,2979.95
3/26/2019,2982.25
3/27/2019,2990.35
3/28/2019,2989.22
3/29/2019,2986.39
3/31/2019,2986.72
4/1/2019,2974.6
4/2/2019,2977.83
4/3/2019,2973.05
4/4/2019,2975.78
4/5/2019,2980.06
4/8/2019,2979.04
4/9/2019,2984.6
4/10/2019,2989.77
4/11/2019,2987.26
4/12/2019,2983.68
4/15/2019,2987.62
4/16/2019,2982.56
4/17/2019,2983.99
4/18/2019,2989.72
4/19/2019,.
4/22/2019,2983.64
4/23/2019,2988.12
4/24/2019,2997.56
4/25/2019,2996.2
4/26/2019,3002.99
4/29/2019,2997.85
4/30/2019,3003.35
5/1/2019,3004.59
5/2/2019,2994.52
5/3/2019,2998.85
5/6/2019,3003.38
5/7/2019,3011.18
5/8/2019,3003.91
5/9/2019,3004.62
5/10/2019,3004.27
5/13/2019,3009.94
5/14/2019,3007.86
5/15/2019,3015.06
5/16/2019,3012.13
5/17/2019,3014.25
5/20/2019,3010.48
5/21/2019,3008.2
5/22/2019,3012.66
5/23/2019,3025.61
5/24/2019,3019.79
5/27/2019,3020.78
5/28/2019,3029.37
5/29/2019,3030.14
5/30/2019,3034.85
5/31/2019,3046.43
6/3/2019,3056.37
6/4/2019,3049.02
6/5/2019,3049.25
6/6/2019,3050.25
6/7/2019,3060.71
6/10/2019,3054.9
6/11/2019,3057.32
6/12/2019,3058.43
6/13/2019,3065.55
6/14/2019,3065.33
6/17/2019,3068.76
6/18/2019,3077.54
6/19/2019,3086.57
6/20/2019,3098.42
6/21/2019,3091.32
6/24/2019,3106.3
6/25/2019,3108.48
6/26/2019,3100.57
6/27/2019,3111.85
6/28/2019,3115.84
6/30/2019,3116.5
7/1/2019,3113.58
7/2/2019,3126.16
7/3/2019,3133
7/4/2019,3133.33
7/5/2019,3115.72
7/8/2019,3119.4
7/9/2019,3114.2
7/10/2019,3112.35
7/11/2019,3101.86
7/12/2019,3105.18
7/15/2019,3109.77
7/16/2019,3104.59
7/17/2019,3116.33
7/18/2019,3119.96
7/19/2019,3119.61
7/22/2019,3123.32
7/23/2019,3119.55
7/24/2019,3126.89
7/25/2019,3124.16
7/26/2019,3125.04
7/29/2019,3131.25
7/30/2019,3128.62
7/31/2019,3136.92
8/1/2019,3158.5
8/2/2019,3161.46
8/5/2019,3176.06
8/6/2019,3175.28
8/7/2019,3184.15
8/8/2019,3179.46
8/9/2019,3177.55
8/12/2019,3197.24
8/13/2019,3190.06
8/14/2019,3205.3
8/15/2019,3213.88
8/16/2019,3212.19
8/19/2019,3200.64
8/20/2019,3211.85
8/21/2019,3212.54
8/22/2019,3207.21
8/23/2019,3225.09
8/26/2019,3221.15
8/27/2019,3234.37
8/28/2019,3238.2
8/29/2019,3229
8/30/2019,3232.08
8/31/2019,3232.16
9/2/2019,3232.83
9/3/2019,3238.01
9/4/2019,3239.11
9/5/2019,3217.85
9/6/2019,3224.31
9/9/2019,3210.37
9/10/2019,3192.09
9/11/2019,3187.34
9/12/2019,3178.15
9/13/2019,3157.24
9/16/2019,3171.1
9/17/2019,3176.76
9/18/2019,3184.35
9/19/2019,3190.76
9/20/2019,3196.93
9/23/2019,3207.7
9/24/2019,3220.71
9/25/2019,3198.23
9/26/2019,3209.29
9/27/2019,3211.09
9/30/2019,3212.17
10/1/2019,3218.16
10/2/2019,3220.41
10/3/2019,3232.29
10/4/2019,3238.34
10/7/2019,3231.03
10/8/2019,3231.42
10/9/2019,3222.97
10/10/2019,3210.12
10/11/2019,3198.4
10/14/2019,3199.4
10/15/2019,3200.29
10/16/2019,3205.33
10/17/2019,3206.18
10/18/2019,3209.26
10/21/2019,3204.01
10/22/2019,3212.92
10/23/2019,3213.32
10/24/2019,3213.92
10/25/2019,3208.84
10/28/2019,3202.04
10/29/2019,3206.21
10/30/2019,3212.76
10/31/2019,3231.82
11/1/2019,3226.78
11/4/2019,3217.21
11/5/2019,3203.46
11/6/2019,3215.15
11/7/2019,3196.09
11/8/2019,3194.38
11/11/2019,3195.39
11/12/2019,3201.18
11/13/2019,3207.91
11/14/2019,3218.35
11/15/2019,3214.7
11/18/2019,3220.23
11/19/2019,3225.67
11/20/2019,3233.56
11/21/2019,3225.63
11/22/2019,3227.13
11/25/2019,3233.73
11/26/2019,3242.43
11/27/2019,3239.07
11/28/2019,.
11/29/2019,3238.49
11/30/2019,3238.82
12/2/2019,3224.51
12/3/2019,3249.29
12/4/2019,3237.63
12/5/2019,3238
12/6/2019,3233.16
12/9/2019,3238.88
12/10/2019,3240.98
12/11/2019,3250.15
12/12/2019,3230.49
12/13/2019,3251.11
12/16/2019,3240.77
12/17/2019,3243.31
12/18/2019,3239.36
12/19/2019,3244.49
12/20/2019,3244.38
12/23/2019,3241.99
12/24/2019,3247.71
12/25/2019,.
12/26/2019,3249.2
12/27/2019,3257.1
12/30/2019,3253.18
12/31/2019,3249.02
1/1/2020,.
1/2/2020,3256.1
1/3/2020,3272.65
1/6/2020,3263.67
1/7/2020,3258.23
1/8/2020,3247.32
1/9/2020,3256.19
1/10/2020,3267.81
1/13/2020,3264.51
1/14/2020,3269.38
1/15/2020,3276.28
1/16/2020,3274.85
1/17/2020,3273.05
1/20/2020,3274.06
1/21/2020,3289.66
1/22/2020,3293.15
1/23/2020,3297.67
1/24/2020,3308.01
1/27/2020,3316.07
1/28/2020,3307.86
1/29/2020,3320.21
1/30/2020,3322.1
1/31/2020,3326.21
2/3/2020,3327.4
2/4/2020,3312.4
2/5/2020,3307.16
2/6/2020,3313.72
2/7/2020,3328.74
2/10/2020,3334.37
2/11/2020,3327.65
2/12/2020,3321.55
2/13/2020,3325.28
2/14/2020,3332.55
2/17/2020,3333.55
2/18/2020,3340.14
2/19/2020,3337.64
2/20/2020,3344.47
2/21/2020,3353.08
2/24/2020,3363.53
2/25/2020,3365.37
2/26/2020,3365.3
2/27/2020,3352.81
2/28/2020,3368.46
2/29/2020,3369.13
3/2/2020,3370.82
3/3/2020,3386.55
3/4/2020,3394.78
3/5/2020,3403.64
3/6/2020,3431.79
3/9/2020,3381.48
3/10/2020,3323.69
3/11/2020,3289.97
3/12/2020,3219.04
3/13/2020,3187.61
3/16/2020,3186.53
3/17/2020,3102.56
3/18/2020,2985.98
3/19/2020,2935.92
3/20/2020,2912.16
3/23/2020,2925.22
3/24/2020,2953.53
3/25/2020,2999.84
3/26/2020,3049.19
3/27/2020,3078.06
3/30/2020,3105.81
3/31/2020,3117.32
4/1/2020,3122.7
4/2/2020,3121.87
4/3/2020,3126.03
4/6/2020,3119.87
4/7/2020,3133.45
4/8/2020,3147.79
4/9/2020,3203.71
4/10/2020,.
4/13/2020,3232.21
4/14/2020,3250.72
4/15/2020,3269.85
4/16/2020,3279.72
4/17/2020,3272.32
4/20/2020,3273.33
4/21/2020,3274.78
4/22/2020,3265.87
4/23/2020,3276.23
4/24/2020,3279.36
4/27/2020,3267.06
4/28/2020,3278.85
4/29/2020,3280.08
4/30/2020,3281.69
5/1/2020,3275.74
5/4/2020,3270.83
5/5/2020,3267.82
5/6/2020,3251.72
5/7/2020,3266.23
5/8/2020,3247.87
5/11/2020,3232.24
5/12/2020,3246.86
5/13/2020,3255.18
5/14/2020,3263.17
5/15/2020,3263.89
5/18/2020,3258.06
5/19/2020,3278.73
5/20/2020,3300.99
5/21/2020,3308.89
5/22/2020,3315.17
5/25/2020,3316.17
5/26/2020,3314.79
5/27/2020,3322.48
5/28/2020,3321.61
5/29/2020,3338.72
5/31/2020,3339.06
6/1/2020,3337.7
6/2/2020,3342.24
6/3/2020,3342.79
6/4/2020,3338.91
6/5/2020,3350.99
6/8/2020,3366.51
6/9/2020,3374.6
6/10/2020,3385.76
6/11/2020,3386.29
6/12/2020,3375.35
6/15/2020,3372.59
6/16/2020,3388.9
6/17/2020,3395.34
6/18/2020,3402.39
6/19/2020,3404.29
6/22/2020,3403.8
6/23/2020,3401.66
6/24/2020,3399.39
6/25/2020,3399.16
6/26/2020,3406.26
6/29/2020,3404.12
6/30/2020,3406.35
7/1/2020,3409.53
7/2/2020,3421.09
7/3/2020,3421.42
7/6/2020,3428.52
7/7/2020,3440.6
7/8/2020,3440.84
7/9/2020,3455.9
7/10/2020,3449.46
7/13/2020,3451.82
7/14/2020,3459.25
7/15/2020,3460.89
7/16/2020,3469.44
7/17/2020,3468.93
7/20/2020,3477.98
7/21/2020,3488.59
7/22/2020,3497.87
7/23/2020,3506.56
7/24/2020,3505.33
7/27/2020,3500.48
7/28/2020,3504.62
7/29/2020,3502.12
7/30/2020,3511.67
7/31/2020,3513.67
8/3/2020,3508.43
8/4/2020,3523.5
8/5/2020,3522.46
8/6/2020,3529.51
8/7/2020,3525.76
8/10/2020,3524
8/11/2020,3503.37
8/12/2020,3500.44
8/13/2020,3485.13
8/14/2020,3479.09
8/17/2020,3480.91
8/18/2020,3481.59
8/19/2020,3477.86
8/20/2020,3484.62
8/21/2020,3488.16
8/24/2020,3489.65
8/25/2020,3480.44
8/26/2020,3475.28
8/27/2020,3456.27
8/28/2020,3458.65
8/31/2020,3473.12
9/1/2020,3484.07
9/2/2020,3498.32
9/3/2020,3504.34
9/4/2020,3472.3
9/7/2020,3473.28
9/8/2020,3478.83
9/9/2020,3471.4
9/10/2020,3477.99
9/11/2020,3481.89
9/14/2020,3485.37
9/15/2020,3483.42
9/16/2020,3483.1
9/17/2020,3487.26
9/18/2020,3483.1
9/21/2020,3483.92
9/22/2020,3485.12
9/23/2020,3478.89
9/24/2020,3471.95
9/25/2020,3463.16
9/28/2020,3462.65
9/29/2020,3469.98
9/30/2020,3463.95
10/1/2020,3465.7
10/2/2020,3461.6
10/5/2020,3451.13
10/6/2020,3465.86
10/7/2020,3457.72
10/8/2020,3466.42
10/9/2020,3466.84
10/12/2020,3467.82
10/13/2020,3485.26
10/14/2020,3487.42
10/15/2020,3482.53
10/16/2020,3482
10/19/2020,3480.24
10/20/2020,3470
10/21/2020,3466.64
10/22/2020,3460.16
10/23/2020,3465.68
10/26/2020,3476.01
10/27/2020,3482.78
10/28/2020,3475.92
10/29/2020,3462.64
10/30/2020,3457.93
10/31/2020,3458
11/2/2020,3462.94
11/3/2020,3460.08
11/4/2020,3494.12
11/5/2020,3505.16
11/6/2020,3498.67
11/9/2020,3482.84
11/10/2020,3481.8
11/11/2020,3482.13
11/12/2020,3501.05
11/13/2020,3499.99
11/16/2020,3502.21
11/17/2020,3513.19
11/18/2020,3518.76
11/19/2020,3529.95
11/20/2020,3540.26
11/23/2020,3534.81
11/24/2020,3531.77
11/25/2020,3531.24
11/26/2020,3531.56
11/27/2020,3543.66
11/30/2020,3550.19
12/1/2020,3534.57
12/2/2020,3534.48
12/3/2020,3546.64
12/4/2020,3533.89
12/7/2020,3544.17
12/8/2020,3545.41
12/9/2020,3532.26
12/10/2020,3543.61
12/11/2020,3544.88
12/14/2020,3545.98
12/15/2020,3540.28
12/16/2020,3545.03
12/17/2020,3546.49
12/18/2020,3542.83
12/21/2020,3544.04
12/22/2020,3551.44
12/23/2020,3542.86
12/24/2020,3550.43
12/25/2020,.
12/28/2020,3554.4
12/29/2020,3556.09
12/30/2020,3561.7
12/31/2020,3567.63
1/1/2021,.
1/4/2021,3563.87
1/5/2021,3547.06
1/6/2021,3521.13
1/7/2021,3519.78
1/8/2021,3517.28
1/11/2021,3513.68
1/12/2021,3512.28
1/13/2021,3530.8
1/14/2021,3522.82
1/15/2021,3529.78
1/18/2021,3530.76
1/19/2021,3535.82
1/20/2021,3536.61
1/21/2021,3527.61
1/22/2021,3528.32
1/25/2021,3539.03
1/26/2021,3538.36
1/27/2021,3540.66
1/28/2021,3531.71
1/29/2021,3523.78
1/31/2021,3524.11
2/1/2021,3527.06
2/2/2021,3522.01
2/3/2021,3516.63
2/4/2021,3516.46
2/5/2021,3512.43
2/8/2021,3520.82
2/9/2021,3520.85
2/10/2021,3527.05
2/11/2021,3522.72
2/12/2021,3510.43
2/15/2021,3511.4
2/16/2021,3494.24
2/17/2021,3498.5
2/18/2021,3500.96
2/19/2021,3486.85
2/22/2021,3473.73
2/23/2021,3465.79
2/24/2021,3459.15
2/25/2021,3435.47
2/26/2021,3453.9
2/28/2021,3455.19
3/1/2021,3455.03
3/2/2021,3460.51
3/3/2021,3449.19
3/4/2021,3429.95
3/5/2021,3423.15
3/8/2021,3410.17
3/9/2021,3414.97
3/10/2021,3422.58
3/11/2021,3423.37
3/12/2021,3397.66
3/15/2021,3403.89
3/16/2021,3401.3
3/17/2021,3395.33
3/18/2021,3385.76
3/19/2021,3390.09
3/22/2021,3404.82
3/23/2021,3412.06
3/24/2021,3417.92
3/25/2021,3414.96
3/26/2021,3409.93
3/29/2021,3399.47
3/30/2021,3406.11
3/31/2021,3407.27
4/1/2021,3430.06
4/2/2021,.
4/5/2021,3425.19
4/6/2021,3437.31
4/7/2021,3436.81
4/8/2021,3441.6
4/9/2021,3437.47
4/12/2021,3435.96
4/13/2021,3446.46
4/14/2021,3444.56
4/15/2021,3469.89
4/16/2021,3455.96
4/19/2021,3446.14
4/20/2021,3452.5
4/21/2021,3452.32
4/22/2021,3458.28
4/23/2021,3457.17
4/26/2021,3459.49
4/27/2021,3448.23
4/28/2021,3448.21
4/29/2021,3445.89
4/30/2021,3447.81
5/3/2021,3455.15
5/4/2021,3458.68
5/5/2021,3461.84
5/6/2021,3467.39
5/7/2021,3463.83
5/10/2021,3457.39
5/11/2021,3447.53
5/12/2021,3430.68
5/13/2021,3437.65
5/14/2021,3447.64
5/17/2021,3449.78
5/18/2021,3448.48
5/19/2021,3438.09
5/20/2021,3451.42
5/21/2021,3454.41
5/24/2021,3463.1
5/25/2021,3474.87
5/26/2021,3474.1
5/27/2021,3466.91
5/28/2021,3471.38
5/31/2021,3472.02
6/1/2021,3466.91
6/2/2021,3473.11
6/3/2021,3465.96
6/4/2021,3481.51
6/7/2021,3479.5
6/8/2021,3489.87
6/9/2021,3499.99
6/10/2021,3506.51
6/11/2021,3508.39
6/14/2021,3500.35
6/15/2021,3500.25
6/16/2021,3492.35
6/17/2021,3514.11
6/18/2021,3527.42
6/21/2021,3513.74
6/22/2021,3514.69
6/23/2021,3512.13
6/24/2021,3515.03
6/25/2021,3501.95
6/28/2021,3520.21
6/29/2021,3521.78
6/30/2021,3529.82
7/1/2021,3522.2
7/2/2021,3533.04
7/5/2021,3534
7/6/2021,3546
7/7/2021,3557.13
7/8/2021,3561.3
7/9/2021,3543.92
7/12/2021,3543.03
7/13/2021,3530.99
7/14/2021,3545.36
7/15/2021,3559.13
7/16/2021,3555.48
7/19/2021,3577.73
7/20/2021,3567.65
7/21/2021,3555.76
7/22/2021,3563.67
7/23/2021,3560.39
7/26/2021,3562.34
7/27/2021,3570.76
7/28/2021,3565.55
7/29/2021,3566.88
7/30/2021,3572.44
7/31/2021,3572.51
8/2/2021,3584.73
8/3/2021,3583.86
8/4/2021,3583.66
8/5/2021,3575.83
8/6/2021,3556.41
8/9/2021,3547.63
8/10/2021,3540.39
8/11/2021,3537.58
8/12/2021,3536
8/13/2021,3555.76
8/16/2021,3565.4
8/17/2021,3563.06
8/18/2021,3561.44
8/19/2021,3565.02
8/20/2021,3564.11
8/23/2021,3566.57
8/24/2021,3560.38
8/25/2021,3549.58
8/26/2021,3553.85
8/27/2021,3562.47
8/30/2021,3570.57
8/31/2021,3565.44
9/1/2021,3567.26
9/2/2021,3570.72
9/3/2021,3563.85
9/6/2021,3564.81
9/7/2021,3552.85
9/8/2021,3560.3
9/9/2021,3573.78
9/10/2021,3566.83
9/13/2021,3574.99
9/14/2021,3587.15
9/15/2021,3581.47
9/16/2021,3576.18
9/17/2021,3568.97
9/20/2021,3581.57
9/21/2021,3579.28
9/22/2021,3580.16
9/23/2021,3563.74
9/24/2021,3552.93
9/27/2021,3552.47
9/28/2021,3533.84
9/29/2021,3530.96
9/30/2021,3527.75
10/1/2021,3541.65
10/4/2021,3538.86
10/5/2021,3527.68
10/6/2021,3527.76
10/7/2021,3515.49
10/8/2021,3505.87
10/11/2021,3506.82
10/12/2021,3512.21
10/13/2021,3524.14
10/14/2021,3532.23
10/15/2021,3524.22
10/18/2021,3527.45
10/19/2021,3514.57
10/20/2021,3511.52
10/21/2021,3502.17
10/22/2021,3508.34
10/25/2021,3513.38
10/26/2021,3521.11
10/27/2021,3546.72
10/28/2021,3536.16
10/29/2021,3536.24
10/31/2021,3536.56
11/1/2021,3530.36
11/2/2021,3536.64
11/3/2021,3530.6
11/4/2021,3544.27
11/5/2021,3565.89
11/8/2021,3560.76
11/9/2021,3575.5
11/10/2021,3543.95
11/11/2021,3544.27
11/12/2021,3532.1
11/15/2021,3518.38
11/16/2021,3511.42
11/17/2021,3515.36
11/18/2021,3522.02
11/19/2021,3535.3
11/22/2021,3513.26
11/23/2021,3498.62
11/24/2021,3503.86
11/25/2021,3504.17
11/26/2021,3528.84
11/29/2021,3520.36
11/30/2021,3539.8
12/1/2021,3538.77
12/2/2021,3532.7
12/3/2021,3560.9
12/6/2021,3543.06
12/7/2021,3540.32
12/8/2021,3526.93
12/9/2021,3529.8
12/10/2021,3527.36
12/13/2021,3544.67
12/14/2021,3537.19
12/15/2021,3526.76
12/16/2021,3535.05
12/17/2021,3540.09
12/20/2021,3531.34
12/21/2021,3519.23
12/22/2021,3530.55
12/23/2021,3521.02
12/24/2021,.
12/27/2021,3527.77
12/28/2021,3529.05
12/29/2021,3517.59
12/30/2021,3525.79
12/31/2021,3533.73
1/3/2022,3500.61
1/4/2022,3491.41
1/5/2022,3487.35
1/6/2022,3480.58
1/7/2022,3472.18
1/10/2022,3467.68
1/11/2022,3474.82
1/12/2022,3476.44
1/13/2022,3478.29
1/14/2022,3459.13
1/17/2022,3460.08
1/18/2022,3433.86
1/19/2022,3445.1
1/20/2022,3441.48
1/21/2022,3452.32
1/24/2022,3446.19
1/25/2022,3434.86
1/26/2022,3425.23
1/27/2022,3427.51
1/28/2022,3423.88
1/31/2022,3423.31
2/1/2022,3422.75
2/2/2022,3433.3
2/3/2022,3415.1
2/4/2022,3385.37
2/7/2022,3386.03
2/8/2022,3380.07
2/9/2022,3386.06
2/10/2022,3358.12
2/11/2022,3366.95
2/14/2022,3350.65
2/15/2022,3338.17
2/16/2022,3332.09
2/17/2022,3336.69
2/18/2022,3341.73
2/21/2022,3342.68
2/22/2022,3333.31
2/23/2022,3325.21
2/24/2022,3308.73
2/25/2022,3316.58
2/28/2022,3348.65
3/1/2022,3370.86
3/2/2022,3332.34
3/3/2022,3334.97
3/4/2022,3347.71
3/7/2022,3328.95
3/8/2022,3290.59
3/9/2022,3279.28
3/10/2022,3258.12
3/11/2022,3256.84
3/14/2022,3224.55
3/15/2022,3220.15
3/16/2022,3233.01
3/17/2022,3252.2
3/18/2022,3269.52
3/21/2022,3240.65
3/22/2022,3232.42
3/23/2022,3246.72
3/24/2022,3241.18
3/25/2022,3214.63
3/28/2022,3221.13
3/29/2022,3242.94
3/30/2022,3256.36
3/31/2022,3260.28
4/1/2022,3257.68
4/4/2022,3255.59
4/5/2022,3230.28
4/6/2022,3213.79
4/7/2022,3204.33
4/8/2022,3184.77
4/11/2022,3163.43
4/12/2022,3169.09
4/13/2022,3170.73
4/14/2022,3146.81
4/15/2022,.
4/18/2022,3136.56
4/19/2022,3120.64
4/20/2022,3137.93
4/21/2022,3117.49
4/22/2022,3107.88
4/25/2022,3120.15
4/26/2022,3129.34
4/27/2022,3119.47
4/28/2022,3107
4/29/2022,3097.87
4/30/2022,3098.19
5/2/2022,3071.62
5/3/2022,3083.53
5/4/2022,3092.31
5/5/2022,3063.48
5/6/2022,3051.4
5/9/2022,3051.92
5/10/2022,3067.18
5/11/2022,3081.45
5/12/2022,3093.31
5/13/2022,3067.58
5/16/2022,3073.33
5/17/2022,3053.5
5/18/2022,3063.91
5/19/2022,3065.87
5/20/2022,3079.23
5/23/2022,3068.41
5/24/2022,3091.82
5/25/2022,3107.48
5/26/2022,3119.3
5/27/2022,3125.48
5/30/2022,3126.36
5/31/2022,3114.77
6/1/2022,3105.65
6/2/2022,3107.55
6/3/2022,3098.4
6/6/2022,3084.08
6/7/2022,3096.64
6/8/2022,3086.83
6/9/2022,3081.77
6/10/2022,3050.57
6/13/2022,2996.17
6/14/2022,2976.4
6/15/2022,2994.81
6/16/2022,3000.98
6/17/2022,3013.2
6/20/2022,3014.18
6/21/2022,3001.55
6/22/2022,3022.82
6/23/2022,3034.25
6/24/2022,3026.65
6/27/2022,3017.19
6/28/2022,3010.28
6/29/2022,3027.59
6/30/2022,3041.57
7/1/2022,3048.14
7/4/2022,3049.12
7/5/2022,3062.64
7/6/2022,3044.85
7/7/2022,3038.6
7/8/2022,3027.76
7/11/2022,3048.78
7/12/2022,3053.97
7/13/2022,3060.02
7/14/2022,3050.1
7/15/2022,3059.5
7/18/2022,3059.56
7/19/2022,3050.7
7/20/2022,3052.82
7/21/2022,3081.35
7/22/2022,3104.66
7/25/2022,3092.52
7/26/2022,3094.09
7/27/2022,3105.99
7/28/2022,3114.75
7/29/2022,3130.93
7/31/2022,3131.26
8/1/2022,3141.58
8/2/2022,3116.66
8/3/2022,3118.51
8/4/2022,3130.05
8/5/2022,3098.35
8/8/2022,3114.37
8/9/2022,3105.58
8/10/2022,3113.01
8/11/2022,3100.25
8/12/2022,3111.71
8/15/2022,3124.07
8/16/2022,3118.19
8/17/2022,3101.92
8/18/2022,3105.04
8/19/2022,3080.89
8/22/2022,3067.43
8/23/2022,3065.63
8/24/2022,3056.75
8/25/2022,3076.47
8/26/2022,3075.99
8/29/2022,3058.39
8/30/2022,3058.04
8/31/2022,3047.93
9/1/2022,3015.76
9/2/2022,3030.54
9/5/2022,3031.54
9/6/2022,2999.46
9/7/2022,3016.62
9/8/2022,3014.26
9/9/2022,3014.68
9/12/2022,3011.54
9/13/2022,2997.05
9/14/2022,3000.32
9/15/2022,2993.01
9/16/2022,2985.83
9/19/2022,2983.21
9/20/2022,2971.63
9/21/2022,2984.01
9/22/2022,2947.35
9/23/2022,2941.03
9/26/2022,2906.04
9/27/2022,2875.31
9/28/2022,2907.26
9/29/2022,2887.86
9/30/2022,2886.14
10/3/2022,2916.62
10/4/2022,2928.54
10/5/2022,2910.7
10/6/2022,2905.61
10/7/2022,2890.25
10/10/2022,2891.26
10/11/2022,2869.15
10/12/2022,2867.65
10/13/2022,2853.66
10/14/2022,2844.36
10/17/2022,2846.42
10/18/2022,2855.25
10/19/2022,2831.08
10/20/2022,2814.76
10/21/2022,2809.29
10/24/2022,2810.88
10/25/2022,2839.86
10/26/2022,2853.67
10/27/2022,2868.58
10/28/2022,2861.1
10/31/2022,2853.97
11/1/2022,2862.59
11/2/2022,2861.65
11/3/2022,2846.5
11/4/2022,2844.03
11/7/2022,2839.62
11/8/2022,2854.54
11/9/2022,2857.38
11/10/2022,2914.42
11/11/2022,2914.76
11/14/2022,2919.84
11/15/2022,2944.82
11/16/2022,2965.33
11/17/2022,2951.53
11/18/2022,2949.34
11/21/2022,2954.19
11/22/2022,2969.68
11/23/2022,2987.61
11/24/2022,2987.95
11/25/2022,2989.84
11/28/2022,2991.21
11/29/2022,2977.8
11/30/2022,2994.31
12/1/2022,3031.23
12/2/2022,3041.86
12/5/2022,3023.74
12/6/2022,3038.42
12/7/2022,3061.46
12/8/2022,3057.04
12/9/2022,3036.77
12/12/2022,3038.11
12/13/2022,3058.91
12/14/2022,3064.24
12/15/2022,3065.23
12/16/2022,3054.64
12/19/2022,3035.02
12/20/2022,3013.52
12/21/2022,3018.55
12/22/2022,3018.46
12/23/2022,3006.03
12/26/2022,.
12/27/2022,2987.49
12/28/2022,2981.16
12/29/2022,2991.15
12/30/2022,2987.87
12/31/2022,2987.97
1/2/2023,.
1/3/2023,2996.21
1/4/2023,3013.22
1/5/2023,3012.36
1/6/2023,3042.94
1/9/2023,3056.82
1/10/2023,3044.69
1/11/2023,3066.8
1/12/2023,3092.77
1/13/2023,3083.74
1/16/2023,3084.77
1/17/2023,3083.75
1/18/2023,3116.38
1/19/2023,3106.46
1/20/2023,3089.07
1/23/2023,3085.47
1/24/2023,3100.61
1/25/2023,3103.07
1/26/2023,3100.4
1/27/2023,3097.86
1/30/2023,3091.22
1/31/2023,3104.17
2/1/2023,3124
2/2/2023,3133.04
2/3/2023,3108.32
2/6/2023,3090.5
2/7/2023,3081.9
2/8/2023,3087.82
2/9/2023,3074.37
2/10/2023,3056
2/13/2023,3061.59
2/14/2023,3053.51
2/15/2023,3046.05
2/16/2023,3032.22
2/17/2023,3035.77
2/20/2023,3036.82
2/21/2023,3008.1
2/22/2023,3013.93
2/23/2023,3023.87
2/24/2023,3007.26
2/27/2023,3012.55
2/28/2023,3013.75
3/1/2023,2997.98
3/2/2023,2990.74
3/3/2023,3016.66
3/6/2023,3015.44
3/7/2023,3012.37
3/8/2023,3006.63
3/9/2023,3013.1
3/10/2023,3044.37
3/13/2023,3051.03
3/14/2023,3032.7
3/15/2023,3047.45
3/16/2023,3035.73
3/17/2023,3061.94
3/20/2023,3052.15
3/21/2023,3050.45
3/22/2023,3081.08
3/23/2023,3087.49
3/24/2023,3085.25
3/27/2023,3063.45
3/28/2023,3059.71
3/29/2023,3061.73
3/30/2023,3071.7
3/31/2023,3090.99
4/3/2023,3104.66
4/4/2023,3117.23
4/5/2023,3123.46
4/6/2023,3125.44
4/7/2023,.
4/10/2023,3104.31
4/11/2023,3108.1
4/12/2023,3113.14
4/13/2023,3106.99
4/14/2023,3096.61
4/17/2023,3084.76
4/18/2023,3091.29
4/19/2023,3086.52
4/20/2023,3095.42
4/21/2023,3090.53
4/24/2023,3104
4/25/2023,3125.01
4/26/2023,3111.88
4/27/2023,3098.98
4/28/2023,3116.49
4/30/2023,3117.2
5/1/2023,3084.14
5/2/2023,3109.54
5/3/2023,3122.11
5/4/2023,3109.07
5/5/2023,3101.71
5/8/2023,3084.78
5/9/2023,3081.05
5/10/2023,3099.3
5/11/2023,3109.1
5/12/2023,3097.14
5/15/2023,3086.73
5/16/2023,3077.55
5/17/2023,3071.25
5/18/2023,3059.07
5/19/2023,3053.9
5/22/2023,3052.98
5/23/2023,3056.85
5/24/2023,3049.25
5/25/2023,3040.46
5/26/2023,3041.02
5/29/2023,3042.1
5/30/2023,3067.69
5/31/2023,3075.79
6/1/2023,3083.44
6/2/2023,3071.31
6/5/2023,3072.6
6/6/2023,3075.19
6/7/2023,3058.15
6/8/2023,3071.34
6/9/2023,3064.98
6/12/2023,3069.63
6/13/2023,3058.05
6/14/2023,3064.2
6/15/2023,3080.96
6/16/2023,3077.44
6/19/2023,3078.53
6/20/2023,3087.09
6/21/2023,3089.52
6/22/2023,3075.05
6/23/2023,3083.92
6/26/2023,3089.08
6/27/2023,3082.8
6/28/2023,3091.97
6/29/2023,3071.31
6/30/2023,3084.54
7/3/2023,3079.05
7/4/2023,3079.41
7/5/2023,3069.32
7/6/2023,3047.33
7/7/2023,3045.11
7/10/2023,3054.04
7/11/2023,3061.84
7/12/2023,3086.93
7/13/2023,3106.72
7/14/2023,3094.55
7/17/2023,3095.19
7/18/2023,3100.71
7/19/2023,3113.73
7/20/2023,3095.36
